"Token","Inisial","Role"
"VAK-100606","AFJ","Siswa"
"VAK-101335","HLE","Siswa"
"VAK-102635","Rahima putri > RP","Siswa"
"VAK-104588","CMW","Siswa"
"VAK-108488","AM","Siswa"
"VAK-109852","MH","Siswa"
"VAK-110074","ztz","Siswa"
"VAK-111930","RFK","Siswa"
"VAK-112174","OA","Siswa"
"VAK-112484","Falisha Anora Savira","Siswa"
"VAK-114341","TLI","Siswa"
"VAK-117918","SAK","Siswa"
"VAK-118315","RAF","Siswa"
"VAK-119447","CMR","Siswa"
"VAK-121094","AR","Siswa"
"VAK-121356","Arl","Siswa"
"VAK-124053","KR","Siswa"
"VAK-124987","VTA","Siswa"
"VAK-125741","FEZ","Siswa"
"VAK-126971","RPA","Siswa"
"VAK-129794","Diozargi Akhtar Yasser","Siswa"
"VAK-134377","MIF","Siswa"
"VAK-135268","RPL","Siswa"
"VAK-135994","Luthfia permata suri","Siswa"
"VAK-136012","JJ","Siswa"
"VAK-136450","NGA","Siswa"
"VAK-136960","RAAF","Siswa"
"VAK-137318","EAAH","Siswa"
"VAK-137691","FA","Siswa"
"VAK-137795","RPC","Siswa"
"VAK-137838","MAP","Siswa"
"VAK-139068","PMM","Siswa"
"VAK-140703","SK","Siswa"
"VAK-142336","AZ","Siswa"
"VAK-143158","RA","Siswa"
"VAK-145804","APV","Siswa"
"VAK-150201","ARO","Siswa"
"VAK-150800","AFP","Siswa"
"VAK-153436","RA","Siswa"
"VAK-153510","AH","Siswa"
"VAK-153597","APU","Siswa"
"VAK-153986","c","Siswa"
"VAK-155423","ARY","Siswa"
"VAK-155632","nancy sisilia zalikha d","Siswa"
"VAK-155709","Vhano","Siswa"
"VAK-155892","AG","Siswa"
"VAK-158767","S","Siswa"
"VAK-159381","ADK","Siswa"
"VAK-159745","DIH","Siswa"
"VAK-163215","IK","Siswa"
"VAK-165362","NF","Siswa"
"VAK-166642","AR","Siswa"
"VAK-167637","SR","Siswa"
"VAK-168469","HNF","Siswa"
"VAK-169135","AAH","Siswa"
"VAK-174253","Dilararna Fateh Maydeska","Siswa"
"VAK-174661","MRA","Siswa"
"VAK-175985","HAP","Siswa"
"VAK-177288","ZIS","Siswa"
"VAK-177938","AHIS","Siswa"
"VAK-179757","CVP","Siswa"
"VAK-181419","AM","Siswa"
"VAK-181958","MAN","Siswa"
"VAK-182266","NH","Siswa"
"VAK-183544","TR","Siswa"
"VAK-184588","Permadi/messi","Siswa"
"VAK-185195","KP","Siswa"
"VAK-185809","AA","Siswa"
"VAK-186064","HA","Siswa"
"VAK-186231","muhammad randikal pratama","Siswa"
"VAK-188231","LAF","Siswa"
"VAK-192813","KIS","Siswa"
"VAK-193880","LN","Siswa"
"VAK-194885","ANM","Siswa"
"VAK-196688","fahlevi ","Siswa"
"VAK-199876","ANS","Siswa"
"VAK-201448","GHF","Siswa"
"VAK-201599","ZAJ","Siswa"
"VAK-201844","VCN","Siswa"
"VAK-201933","NAM","Siswa"
"VAK-203054","AHJ","Siswa"
"VAK-203878","Najwa Salsabila ","Siswa"
"VAK-205362","AM","Siswa"
"VAK-206260","None","Siswa"
"VAK-207864","MZAG","Siswa"
"VAK-208930","ZKPA","Siswa"
"VAK-209921","WDR (Wafaa Dea Ramadhani)","Siswa"
"VAK-211413","BPA","Siswa"
"VAK-211510","CKI","Siswa"
"VAK-213559","ferdi","Siswa"
"VAK-214661","FN","Siswa"
"VAK-215793","Qyara Keisha Yonaldi -> QKY","Siswa"
"VAK-216947","Putri Rahayu ","Siswa"
"VAK-217533","NNA","Siswa"
"VAK-223213","KKSN","Siswa"
"VAK-223346","DNR","Siswa"
"VAK-223574","ZQA","Siswa"
"VAK-223853","MAA","Siswa"
"VAK-225765","KJP","Siswa"
"VAK-225814","ARZ","Siswa"
"VAK-226860","Habibi harsya ","Siswa"
"VAK-227206","BL","Siswa"
"VAK-227730","NH","Siswa"
"VAK-227886","KAV","Siswa"
"VAK-227982","NRS","Siswa"
"VAK-228855","KAIU","Siswa"
"VAK-231342","NLR","Siswa"
"VAK-237857","MA","Siswa"
"VAK-238641","SM","Siswa"
"VAK-239587","muhammad rafinno","Siswa"
"VAK-242291","Bunga Selly Septina ","Siswa"
"VAK-243463"," MRJ","Siswa"
"VAK-244082","SAI","Siswa"
"VAK-248246","RLHG","Siswa"
"VAK-248817","AMV","Siswa"
"VAK-249588","AES","Siswa"
"VAK-249786","Nadhira Farahiyah Putri -> NFP","Siswa"
"VAK-250633","AG","Siswa"
"VAK-251057","FAA","Siswa"
"VAK-254309","KAZ","Siswa"
"VAK-259444","ZA","Siswa"
"VAK-259917","AM","Siswa"
"VAK-260976","> ZHN","Siswa"
"VAK-261287","AAH","Siswa"
"VAK-262599","FAZ","Siswa"
"VAK-263507","RGR","Siswa"
"VAK-263736","SOM","Siswa"
"VAK-265899","FF","Siswa"
"VAK-269590","DNI","Siswa"
"VAK-271044","AHS","Siswa"
"VAK-271771","FALA","Siswa"
"VAK-272941","MMM","Siswa"
"VAK-273312","AHA","Siswa"
"VAK-273825","AKR","Siswa"
"VAK-276508","RS","Siswa"
"VAK-278300","LCP","Siswa"
"VAK-279608","APK","Siswa"
"VAK-280297","NAA","Siswa"
"VAK-281015","PMD","Siswa"
"VAK-281315","Dhavi Rully Adinata -> DRA","Siswa"
"VAK-282962","NNA","Siswa"
"VAK-283015","TAF","Siswa"
"VAK-284505","KCK","Siswa"
"VAK-285247","RQA","Siswa"
"VAK-286629","EC","Siswa"
"VAK-286703","INA","Siswa"
"VAK-288184","nka","Siswa"
"VAK-288626","MYR","Siswa"
"VAK-289228","SP","Siswa"
"VAK-289435","RZZ","Siswa"
"VAK-289568","NAH","Siswa"
"VAK-292291","VV","Siswa"
"VAK-294763","RAF","Siswa"
"VAK-295916","KPD","Siswa"
"VAK-297108","Siti Afrin Danisya = SAD","Siswa"
"VAK-299561","Revi Fitria Mega -> RFM","Siswa"
"VAK-301917","DEY","Siswa"
"VAK-304331","RD","Siswa"
"VAK-306250","NBR ","Siswa"
"VAK-306297","WAM","Siswa"
"VAK-309107","KRG","Siswa"
"VAK-310637","DA","Siswa"
"VAK-310663","KAR","Siswa"
"VAK-311914","HAA","Siswa"
"VAK-313064","OP","Siswa"
"VAK-313150","LA","Siswa"
"VAK-314662","MRH","Siswa"
"VAK-315164","JMAP","Siswa"
"VAK-316153","RR","Siswa"
"VAK-318409","RAR","Siswa"
"VAK-318473","KTY","Siswa"
"VAK-318500","ALA","Siswa"
"VAK-319177","KTM","Siswa"
"VAK-321425","PAD","Siswa"
"VAK-322514","AA","Siswa"
"VAK-323503","EAR","Siswa"
"VAK-328082","farel gusmadira ","Siswa"
"VAK-328416","TSE","Siswa"
"VAK-329525","NBY","Siswa"
"VAK-329871","None","Siswa"
"VAK-330943","FAH","Siswa"
"VAK-330967","FCD","Siswa"
"VAK-333464","FM","Siswa"
"VAK-334938","VTR","Siswa"
"VAK-334982","QDA","Siswa"
"VAK-335714","GNR","Siswa"
"VAK-337407","NK","Siswa"
"VAK-338389","AJP","Siswa"
"VAK-339822","SRT","Siswa"
"VAK-340392","NJ","Siswa"
"VAK-340462","APF","Siswa"
"VAK-340593","VNI","Siswa"
"VAK-343193","RRZ","Siswa"
"VAK-345176","Fajar","Siswa"
"VAK-345465","FNE","Siswa"
"VAK-347354","NPD","Siswa"
"VAK-347712","REI","Siswa"
"VAK-348819","KAA","Siswa"
"VAK-349566","APA","Siswa"
"VAK-351449","Adif Malverino- Adif","Siswa"
"VAK-352260","AGF","Siswa"
"VAK-352595"," AR","Siswa"
"VAK-356242","TDY","Siswa"
"VAK-356949","SPB","Siswa"
"VAK-358581","NS","Siswa"
"VAK-360993","KTR","Siswa"
"VAK-361387","RMR","Siswa"
"VAK-361519","Lisa rahmalina aziz ","Siswa"
"VAK-362961","Muhamad Lingga Ardhana","Siswa"
"VAK-364355","JS","Siswa"
"VAK-365061","Je","Siswa"
"VAK-365759","RA","Siswa"
"VAK-366571","SMI","Siswa"
"VAK-366722","FF","Siswa"
"VAK-367773","MNP","Siswa"
"VAK-368051","CYA","Siswa"
"VAK-369647","Brenda Chairunisa kinanti","Siswa"
"VAK-372466","FM","Siswa"
"VAK-373926","VUY","Siswa"
"VAK-374080","MKS","Siswa"
"VAK-377549","MA ","Siswa"
"VAK-378453","Msd","Siswa"
"VAK-381069","BHS","Siswa"
"VAK-382098","ZDF","Siswa"
"VAK-382383","DSGR","Siswa"
"VAK-382942","NZ","Siswa"
"VAK-384676","AK","Siswa"
"VAK-386061","miah","Siswa"
"VAK-388415","NFF","Siswa"
"VAK-389049","HEHH","Siswa"
"VAK-392394","AAU","Siswa"
"VAK-392427","YAR","Siswa"
"VAK-393762","FAREN ALYA ZAHIRA ->FAZ","Siswa"
"VAK-394084","MYA","Siswa"
"VAK-394974","NM","Siswa"
"VAK-397093","ASA","Siswa"
"VAK-398167","D A P","Siswa"
"VAK-399915","ua","Siswa"
"VAK-401389","None","Siswa"
"VAK-402455","Dara Ateefa Adachi ->DAA","Siswa"
"VAK-402698","MRK","Siswa"
"VAK-403473","AS","Siswa"
"VAK-405984","SAL","Siswa"
"VAK-406490","HRAR","Siswa"
"VAK-407683","Lintang Sabda Alam","Siswa"
"VAK-410533","ARH","Siswa"
"VAK-413712","AP","Siswa"
"VAK-414095","AAP","Siswa"
"VAK-414813","FNS","Siswa"
"VAK-418203","KS","Siswa"
"VAK-419213","AZA","Siswa"
"VAK-419433","RKA","Siswa"
"VAK-422390","MLZD","Siswa"
"VAK-425985","keyzia zilvhana putri haria","Siswa"
"VAK-426368","KWA","Siswa"
"VAK-429273","NSR","Siswa"
"VAK-432408","RKM","Siswa"
"VAK-437090","QL","Siswa"
"VAK-437232","DJM","Siswa"
"VAK-437452","VPA","Siswa"
"VAK-437463","RA","Siswa"
"VAK-439853","CD","Siswa"
"VAK-440100","NFF","Siswa"
"VAK-442816","NAH","Siswa"
"VAK-443249","KTR","Siswa"
"VAK-445880","Raziq Ahmad R","Siswa"
"VAK-446020","FJR","Siswa"
"VAK-446220","MGA","Siswa"
"VAK-449171","Muhammad Fathan Syafiq Alfikri->MFSA","Siswa"
"VAK-450748","NN","Siswa"
"VAK-451668","SJA","Siswa"
"VAK-455293","BL","Siswa"
"VAK-455926","NAH","Siswa"
"VAK-456235","KMP","Siswa"
"VAK-456316","Fea","Siswa"
"VAK-458582","DDR","Siswa"
"VAK-459643","MZ","Siswa"
"VAK-461294","RRN","Siswa"
"VAK-463090","merlin","Siswa"
"VAK-464062","KAL","Siswa"
"VAK-467065","Ktr","Siswa"
"VAK-470179","KMA","Siswa"
"VAK-470762","MKR","Siswa"
"VAK-473915","ASA","Siswa"
"VAK-474141","ARJ","Siswa"
"VAK-475582","ASP","Siswa"
"VAK-476653","FDA","Siswa"
"VAK-477007","AZH","Siswa"
"VAK-484975","VCR","Siswa"
"VAK-485801","QE","Siswa"
"VAK-485807","Afo","Siswa"
"VAK-490116","AZKHAN ALQADRI PACIRIA (AAP)","Siswa"
"VAK-490370","RFA","Siswa"
"VAK-492631","PZI","Siswa"
"VAK-492841","bima Hendrik Pratama ","Siswa"
"VAK-493921","Zyp","Siswa"
"VAK-496445","A","Siswa"
"VAK-502114","SPR","Siswa"
"VAK-502905","AS","Siswa"
"VAK-504850","RAA","Siswa"
"VAK-505785","Cia Desniati Samaloisa","Siswa"
"VAK-505876","RAA","Siswa"
"VAK-507586","AFH","Siswa"
"VAK-507703","ADS","Siswa"
"VAK-510567","SKB","Siswa"
"VAK-512132","AKK","Siswa"
"VAK-512767","RUS","Siswa"
"VAK-513265","AH","Siswa"
"VAK-515049","NDI","Siswa"
"VAK-517211","MAA","Siswa"
"VAK-517373","Haziq","Siswa"
"VAK-517501","Danung sidik ramdhani ","Siswa"
"VAK-517529","MFFA","Siswa"
"VAK-518708","WS","Siswa"
"VAK-519480","H R P","Siswa"
"VAK-523897","ADAR","Siswa"
"VAK-524067","ZNSH","Siswa"
"VAK-527329","SZO","Siswa"
"VAK-528661","AYA","Siswa"
"VAK-529410","RPK","Siswa"
"VAK-529736","SUH","Siswa"
"VAK-529952","MHR","Siswa"
"VAK-530202","nka","Siswa"
"VAK-535029","NLN","Siswa"
"VAK-537684","RFN","Siswa"
"VAK-539467","JMP","Siswa"
"VAK-540248","fs","Siswa"
"VAK-541874","FR","Siswa"
"VAK-542122","FAK","Siswa"
"VAK-548763","MRP","Siswa"
"VAK-548984","RAP","Siswa"
"VAK-553592","BPSS","Siswa"
"VAK-555463","QOM","Siswa"
"VAK-555773","KF","Siswa"
"VAK-558804","SEF","Siswa"
"VAK-559358","NSR","Siswa"
"VAK-559443","ASH","Siswa"
"VAK-561028","risky","Siswa"
"VAK-564474","FAZV","Siswa"
"VAK-566097","Dwi Aira Viansya -> DAV","Siswa"
"VAK-568607","MYY","Siswa"
"VAK-573127","RS","Siswa"
"VAK-574479","RSE","Siswa"
"VAK-574581","AQA","Siswa"
"VAK-574780","ADK","Siswa"
"VAK-575441","FM","Siswa"
"VAK-577046","MR","Siswa"
"VAK-577948","YBR","Siswa"
"VAK-582192","RCR","Siswa"
"VAK-582238","TSZ","Siswa"
"VAK-582375","ZCS","Siswa"
"VAK-582777","BS","Siswa"
"VAK-582841","QS","Siswa"
"VAK-585261","HFR","Siswa"
"VAK-587943","FAS","Siswa"
"VAK-588093","IA","Siswa"
"VAK-593158","DRW","Siswa"
"VAK-593826","PAR","Siswa"
"VAK-598496","NI","Siswa"
"VAK-598810","M Attaya Argana >MAA","Siswa"
"VAK-600737","daffa","Siswa"
"VAK-602526","VAK","Siswa"
"VAK-603085","MF","Siswa"
"VAK-605516","N","Siswa"
"VAK-606433","ANI","Siswa"
"VAK-608228","RZH","Siswa"
"VAK-609639","EEL","Siswa"
"VAK-610276","NAP","Siswa"
"VAK-615840","KRK","Siswa"
"VAK-615982","BAH","Siswa"
"VAK-617274","QDY","Siswa"
"VAK-617565","PNI","Siswa"
"VAK-618906","RFN","Siswa"
"VAK-619129","KVA","Siswa"
"VAK-619719","RZ","Siswa"
"VAK-619901","KQA","Siswa"
"VAK-619954","RAV","Siswa"
"VAK-620733","GAN","Siswa"
"VAK-621939","ZF","Siswa"
"VAK-622287","fathar abdul jafar","Siswa"
"VAK-623760","WKAT","Siswa"
"VAK-626954","FD","Siswa"
"VAK-627453","SPD","Siswa"
"VAK-629341","BAI","Siswa"
"VAK-630301","JLT","Siswa"
"VAK-632094","DRW","Siswa"
"VAK-635937","ZQA","Siswa"
"VAK-636055","SHK","Siswa"
"VAK-636124","BMR","Siswa"
"VAK-636337","IZM","Siswa"
"VAK-636921","fathir","Siswa"
"VAK-638292","JA","Siswa"
"VAK-641158","MFA","Siswa"
"VAK-642980","ZIM","Siswa"
"VAK-644956","Rassya","Siswa"
"VAK-646067","STS","Siswa"
"VAK-650837","FYK","Siswa"
"VAK-652119","RA","Siswa"
"VAK-656441","HMP","Siswa"
"VAK-663139","HA","Siswa"
"VAK-663365","GA","Siswa"
"VAK-666143","MFZ","Siswa"
"VAK-668073","AZA","Siswa"
"VAK-668928","Suci Rahmadhani ","Siswa"
"VAK-670496","AY","Siswa"
"VAK-671084","KK","Siswa"
"VAK-672525","KGS","Siswa"
"VAK-672855","Shelvy Febrina Yetif","Siswa"
"VAK-681958","KPR","Siswa"
"VAK-685400","QFA","Siswa"
"VAK-688229","Selvina","Siswa"
"VAK-688947","Zaki akbar","Siswa"
"VAK-690588","SK","Siswa"
"VAK-690909","AR","Siswa"
"VAK-691559","JDLR","Siswa"
"VAK-692872","ar","Siswa"
"VAK-693055","FMA","Siswa"
"VAK-695438","Nughi Vikri Ramadhan -> NVR","Siswa"
"VAK-698887","YDVS","Siswa"
"VAK-699292","I","Siswa"
"VAK-699309","RSR","Siswa"
"VAK-699773","MF","Siswa"
"VAK-700100","tm","Siswa"
"VAK-700194","SAT","Siswa"
"VAK-700600","DNF","Siswa"
"VAK-705301","NR","Siswa"
"VAK-709032","KHN","Siswa"
"VAK-709971","MRA","Siswa"
"VAK-711747","R","Siswa"
"VAK-714373","HRP","Siswa"
"VAK-719825","FA","Siswa"
"VAK-723308","NS","Siswa"
"VAK-724200","MNA","Siswa"
"VAK-726009","FAF","Siswa"
"VAK-726091","Ahmad fikri->AF","Siswa"
"VAK-726975","Tar","Siswa"
"VAK-728146","HMD","Siswa"
"VAK-728962","maa","Siswa"
"VAK-729383","TA","Siswa"
"VAK-734356","WA","Siswa"
"VAK-735445","AS","Siswa"
"VAK-738110","SRF","Siswa"
"VAK-739124","FNA","Siswa"
"VAK-739772","ZS","Siswa"
"VAK-741028","FA","Siswa"
"VAK-741057","MIAF","Siswa"
"VAK-741920","GPP","Siswa"
"VAK-746429","AFR","Siswa"
"VAK-747044","NR","Siswa"
"VAK-748468","NZ","Siswa"
"VAK-750665","SPB","Siswa"
"VAK-750920","QAN","Siswa"
"VAK-752106","ENI","Siswa"
"VAK-754437","FAPA","Siswa"
"VAK-754693","S","Siswa"
"VAK-755406","AGAF","Siswa"
"VAK-759341","KJN","Siswa"
"VAK-759729","FNT","Siswa"
"VAK-760863","ZWR","Siswa"
"VAK-760911","AWI","Siswa"
"VAK-760969","AEP","Siswa"
"VAK-769964","SKF","Siswa"
"VAK-770529","JKN","Siswa"
"VAK-770641","ATD","Siswa"
"VAK-771175","L W R","Siswa"
"VAK-771464","OPS","Siswa"
"VAK-771974","FRF","Siswa"
"VAK-774762","Setiami","Siswa"
"VAK-775101","SFA","Siswa"
"VAK-775643","KAR","Siswa"
"VAK-775995","SDS","Siswa"
"VAK-777155","FAI","Siswa"
"VAK-778634","NPZ","Siswa"
"VAK-780006","OSP","Siswa"
"VAK-780974","MSN","Siswa"
"VAK-782240","UU ","Siswa"
"VAK-783723","JEJ","Siswa"
"VAK-783814","MCA","Siswa"
"VAK-785064","TPH","Siswa"
"VAK-786127","MMS","Siswa"
"VAK-787164","CN","Siswa"
"VAK-788238","KAU","Siswa"
"VAK-789224","FAA","Siswa"
"VAK-790072","MNAG","Siswa"
"VAK-792634","AFS","Siswa"
"VAK-793186","APB","Siswa"
"VAK-794209","KH","Siswa"
"VAK-796654","AK","Siswa"
"VAK-796740","Nikeisha Haya Nailah (NHN)","Siswa"
"VAK-798819","RR","Siswa"
"VAK-802115","A","Siswa"
"VAK-802251","DEP","Siswa"
"VAK-804147","AQF","Siswa"
"VAK-804148","GA","Siswa"
"VAK-804574","BRS","Siswa"
"VAK-806267","NQN","Siswa"
"VAK-807086","KA","Siswa"
"VAK-807544","tora","Siswa"
"VAK-808795","LM","Siswa"
"VAK-811663","SJD","Siswa"
"VAK-812875","RR","Siswa"
"VAK-813266","SRP","Siswa"
"VAK-814548","HKY","Siswa"
"VAK-814719","Sabian Hamizan Rabbani -> SHR","Siswa"
"VAK-815779","KR","Siswa"
"VAK-816232","HHU","Siswa"
"VAK-817958","Hnf","Siswa"
"VAK-819466","MFYP","Siswa"
"VAK-819521","AMG","Siswa"
"VAK-820559","PAZ","Siswa"
"VAK-822726","LBS","Siswa"
"VAK-822992","RG","Siswa"
"VAK-824190","TAW","Siswa"
"VAK-824317","ND","Siswa"
"VAK-826909","Fathul Adib Al Ahsan -> FAAA","Siswa"
"VAK-829600","FRA","Siswa"
"VAK-832781","A D M","Siswa"
"VAK-834435","M Arif Arsyad-MAR","Siswa"
"VAK-835545","AZH","Siswa"
"VAK-835821","ZJA","Siswa"
"VAK-836618","NAA","Siswa"
"VAK-837896","Dirgo","Siswa"
"VAK-838625","DH","Siswa"
"VAK-839658","SA","Siswa"
"VAK-840625","AAH","Siswa"
"VAK-840833","MZDG","Siswa"
"VAK-840873","KAN","Siswa"
"VAK-849077","Fmi","Siswa"
"VAK-850891","SGJ","Siswa"
"VAK-852232","IGD","Siswa"
"VAK-852431","HJ","Siswa"
"VAK-853645","A","Siswa"
"VAK-859457","RMD","Siswa"
"VAK-861706","Vania Lathifatunnisa ","Siswa"
"VAK-863417","khairunnas","Siswa"
"VAK-863906","GY","Siswa"
"VAK-865684","AHK","Siswa"
"VAK-868641","KA","Siswa"
"VAK-869416","HMH","Siswa"
"VAK-869875","WAG","Siswa"
"VAK-869925","AHPS","Siswa"
"VAK-870085","SA","Siswa"
"VAK-870860","RLR","Siswa"
"VAK-874556","Alyaa Luthfi Dinata -> ALD","Siswa"
"VAK-877140","KK","Siswa"
"VAK-879248","VOA","Siswa"
"VAK-880871","VMTN","Siswa"
"VAK-881892","Z","Siswa"
"VAK-884567","Z","Siswa"
"VAK-887111","AS","Siswa"
"VAK-888183","SJA","Siswa"
"VAK-890447","TAA","Siswa"
"VAK-890784","MNF","Siswa"
"VAK-890900","QA","Siswa"
"VAK-891652","MDH","Siswa"
"VAK-893345","VHL","Siswa"
"VAK-894664","Sausan Hansan Talita -> SHT","Siswa"
"VAK-894764","KAO","Siswa"
"VAK-894936","MA","Siswa"
"VAK-896599","N","Siswa"
"VAK-898095","MRA","Siswa"
"VAK-898324","RHAF","Siswa"
"VAK-899964","APW","Siswa"
"VAK-900119","RZN","Siswa"
"VAK-904376","DFN","Siswa"
"VAK-906426","YIN","Siswa"
"VAK-907387","ATH","Siswa"
"VAK-908531","KSM","Siswa"
"VAK-910576","ASP","Siswa"
"VAK-912437","DRL","Siswa"
"VAK-915449","SW (SHANI WALMITA)","Siswa"
"VAK-917236","NK","Siswa"
"VAK-918715","CZS","Siswa"
"VAK-921179","AA","Siswa"
"VAK-922281","RK","Siswa"
"VAK-923907","LJN","Siswa"
"VAK-926343","RFL","Siswa"
"VAK-928436","BLV ","Siswa"
"VAK-930117","SIR","Siswa"
"VAK-930268","NN","Siswa"
"VAK-930475","FH","Siswa"
"VAK-931096","HF","Siswa"
"VAK-931130","NNA","Siswa"
"VAK-931482","PZ","Siswa"
"VAK-933583","DJA","Siswa"
"VAK-933626","KAF","Siswa"
"VAK-934071","CAS","Siswa"
"VAK-934971","STA","Siswa"
"VAK-935921","GPA","Siswa"
"VAK-938381","N","Siswa"
"VAK-939778","NAR","Siswa"
"VAK-941888","JMY","Siswa"
"VAK-942592","DAM","Siswa"
"VAK-944573","RM","Siswa"
"VAK-947865","SNK","Siswa"
"VAK-951741","GWK","Siswa"
"VAK-952713","TNL","Siswa"
"VAK-955368","NFR","Siswa"
"VAK-955694","MA","Siswa"
"VAK-959388","NAR","Siswa"
"VAK-960191","RA","Siswa"
"VAK-962022","EAS","Siswa"
"VAK-964471","AZ","Siswa"
"VAK-970798","QAP","Siswa"
"VAK-974626","RKH","Siswa"
"VAK-976443","NDI","Siswa"
"VAK-977362","FFH","Siswa"
"VAK-981184","AMA","Siswa"
"VAK-981630","HF","Siswa"
"VAK-982508","AC","Siswa"
"VAK-982544","MFK","Siswa"
"VAK-983204","ABI","Siswa"
"VAK-983389","ZR","Siswa"
"VAK-984244","NSP","Siswa"
"VAK-984704","(RIBKA FIDELIA ZENDRATO)(RFZ)","Siswa"
"VAK-984901","HAK","Siswa"
"VAK-985524","ridho adi setiawan","Siswa"
"VAK-985530","ARA","Siswa"
"VAK-985975","MFG","Siswa"
"VAK-986016","KLS","Siswa"
"VAK-986701","SSS","Siswa"
"VAK-987220","Rjd","Siswa"
"VAK-987370","AFA","Siswa"
"VAK-987536","SSW","Siswa"
"VAK-988451","RPA","Siswa"
"VAK-991399","GSL","Siswa"
"VAK-991502","SHA","Siswa"
"VAK-993091","LAT","Siswa"
"VAK-997938","AAM","Siswa"
"VAK-998467","MGJ","Siswa"
"VAK-998953","SML","Siswa"
"VAK-999141","JPA","Siswa"
"VAK-SMA1-Fuji","MissFuji","Guru"
"VAK-SMA1-Nisa","MissNisa","Guru"
"VAK-SMA1-Nurhamidah","BukNurhamidah","Guru"
"VAK-SMA1-Silvi","MissSilvi","Guru"
